{"cameraMode":{"drawMode":0,"name":"Shaded","section":"Shading Mode"},"sceneLighting":true,"audioPlay":false,"sceneViewState":{"m_AlwaysRefresh":false,"showFog":true,"showSkybox":true,"showFlares":true,"showImageEffects":true,"showParticleSystems":true,"showVisualEffectGraphs":true,"m_FxEnabled":true},"in2DMode":false,"pivot":{"x":3.668109893798828,"y":1.1561957597732545,"z":-2.8968799114227297},"rotation":{"x":-0.0020703859627246858,"y":0.9712284803390503,"z":-0.2379944920539856,"w":-0.008449097163975239},"size":30.8743839263916,"orthographic":false}